<?xml version="1.0" encoding="UTF-8"?><?xml-stylesheet type='text/xsl' href='_UpgradeReport_Files/UpgradeReport.xslt'?><UpgradeLog>
<Properties><Property Name="Solution" Value="KwikScaf2007">
</Property><Property Name="Solution File" Value="E:\Projects\Projects In Progress\Waco\Development\SOURCE CODE\KwikScaf2007-19-07-2013\KwikScaf2007.sln">
</Property><Property Name="Date" Value="Wednesday, 22 January 2014">
</Property><Property Name="Time" Value="18:10 PM">
</Property></Properties><Event ErrorLevel="0" Project="" Source="KwikScaf2007.sln" Description="File successfully backed up as E:\Projects\Projects In Progress\Waco\Development\SOURCE CODE\KwikScaf2007-19-07-2013\KwikScaf2007.sln.old">
</Event><Event ErrorLevel="0" Project="KwikScaf2007" Source="KwikScaf2007\KwikScaf2007.vcproj" Description="Converting project file 'E:\Projects\Projects In Progress\Waco\Development\SOURCE CODE\KwikScaf2007-19-07-2013\KwikScaf2007\KwikScaf2007.vcproj'.">
</Event><Event ErrorLevel="1" Project="KwikScaf2007" Source="KwikScaf2007\KwikScaf2007.vcproj" Description="This application has been updated to include settings related to the User Account Control (UAC) feature of Windows Vista. By default, when run on Windows Vista with UAC enabled, this application is marked to run with the same privileges as the process that launched it. This marking also disables the application from running with virtualization. You can change UAC related settings from the Property Pages of the project.">
</Event><Event ErrorLevel="1" Project="KwikScaf2007" Source="KwikScaf2007\KwikScaf2007.vcproj" Description="VCWebServiceProxyGeneratorTool is no longer supported. The tool has been removed from your project settings.">
</Event><Event ErrorLevel="1" Project="KwikScaf2007" Source="KwikScaf2007\KwikScaf2007.vcproj" Description="Attribute 'Detect64BitPortabilityProblems' of 'VCCLCompilerTool' is not supported in this version and has been removed during conversion.">
</Event><Event ErrorLevel="0" Project="KwikScaf2007" Source="KwikScaf2007\KwikScaf2007.vcproj" Description="Web deployment to the local IIS server is no longer supported. The Web Deployment build tool has been removed from your project settings.">
</Event><Event ErrorLevel="1" Project="KwikScaf2007" Source="KwikScaf2007\KwikScaf2007.vcproj" Description="Attribute 'Detect64BitPortabilityProblems' of 'VCCLCompilerTool' is not supported in this version and has been removed during conversion.">
</Event><Event ErrorLevel="1" Project="KwikScaf2007" Source="KwikScaf2007\KwikScaf2007.vcproj" Description="MSB8012: $(TargetExt) ('.dll') does not match the Linker's OutputFile property value 'E:\Projects\Projects In Progress\Waco\Development\SOURCE CODE\KwikScaf2007-19-07-2013\Win32\Debug\KwikScaf2007.arx' ('.arx') in project configuration 'Debug|Win32'. This may cause your project to build incorrectly. To correct this, please make sure that $(TargetExt) property value matches the value specified in %(Link.OutputFile).">
</Event><Event ErrorLevel="1" Project="KwikScaf2007" Source="KwikScaf2007\KwikScaf2007.vcproj" Description="MSB8012: $(TargetPath) ('E:\Projects\Projects In Progress\Waco\Development\SOURCE CODE\KwikScaf2007-19-07-2013\Win32\Debug\KwikScaf2007.dll') does not match the Linker's OutputFile property value 'E:\Projects\Projects In Progress\Waco\Development\SOURCE CODE\KwikScaf2007-19-07-2013\Win32\Debug\KwikScaf2007.arx' ('E:\Projects\Projects In Progress\Waco\Development\SOURCE CODE\KwikScaf2007-19-07-2013\Win32\Debug\KwikScaf2007.arx') in project configuration 'Debug|Win32'. This may cause your project to build incorrectly. To correct this, please make sure that $(TargetPath) property value matches the value specified in %(Link.OutputFile).">
</Event><Event ErrorLevel="1" Project="KwikScaf2007" Source="KwikScaf2007\KwikScaf2007.vcproj" Description="MSB8012: $(TargetExt) ('.dll') does not match the Linker's OutputFile property value 'E:\Projects\Projects In Progress\Waco\Development\SOURCE CODE\KwikScaf2007-19-07-2013\Win32\Release\KwikScaf2007.arx' ('.arx') in project configuration 'Release|Win32'. This may cause your project to build incorrectly. To correct this, please make sure that $(TargetExt) property value matches the value specified in %(Link.OutputFile).">
</Event><Event ErrorLevel="1" Project="KwikScaf2007" Source="KwikScaf2007\KwikScaf2007.vcproj" Description="MSB8012: $(TargetPath) ('E:\Projects\Projects In Progress\Waco\Development\SOURCE CODE\KwikScaf2007-19-07-2013\Win32\Release\KwikScaf2007.dll') does not match the Linker's OutputFile property value 'E:\Projects\Projects In Progress\Waco\Development\SOURCE CODE\KwikScaf2007-19-07-2013\Win32\Release\KwikScaf2007.arx' ('E:\Projects\Projects In Progress\Waco\Development\SOURCE CODE\KwikScaf2007-19-07-2013\Win32\Release\KwikScaf2007.arx') in project configuration 'Release|Win32'. This may cause your project to build incorrectly. To correct this, please make sure that $(TargetPath) property value matches the value specified in %(Link.OutputFile).">
</Event><Event ErrorLevel="0" Project="KwikScaf2007" Source="KwikScaf2007\KwikScaf2007.vcproj" Description="Done converting to new project file 'E:\Projects\Projects In Progress\Waco\Development\SOURCE CODE\KwikScaf2007-19-07-2013\KwikScaf2007\KwikScaf2007.vcxproj'.">
</Event><Event ErrorLevel="3" Project="KwikScaf2007" Source="KwikScaf2007\KwikScaf2007.vcproj" Description="Converted">
</Event><Event ErrorLevel="0" Project="" Source="KwikScaf2007.sln" Description="Solution converted successfully">
</Event><Event ErrorLevel="3" Project="" Source="KwikScaf2007.sln" Description="Converted">
</Event></UpgradeLog>